model,threshold,f1,precision,recall,fpr,average_precision,tn,fp,fn,tp,strategy
lstm_many_to_many_topk_last,0.1034482758620689,0.5699278910353422,0.8529176658673061,0.4279411764705882,0.009888397255611487,0.5607016929984165,55271,552,4279,3201,topk_last
lstm_many_to_many_topk_all,0.0909090926024046,0.5755575975273577,0.7670897350256067,0.4605614973262032,0.018737796248857998,0.6266542724117399,54777,1046,4035,3445,topk_all
lstm_many_to_many_topk_last3,0.0784313748864566,0.6280649926144757,0.7016501650165017,0.5684491978609626,0.032388083764756465,0.5975079643182648,54015,1808,3228,4252,topk_last3
lstm_many_to_many_nll_mean,1.044343501329422,0.5350248207391064,0.8563861094761624,0.3890374331550802,0.008741916414381169,0.6613493452014686,55335,488,4570,2910,nll_mean
lstm_many_to_many_nll_p95,5.518307733535764,0.5506219921910469,0.858194169261251,0.4053475935828877,0.008974795335256077,0.6443321022158336,55322,501,4448,3032,nll_p95
lstm_many_to_many_nll_max,8.425661087036133,0.8871270001441545,0.9624648107600876,0.8227272727272728,0.00429930315461369,0.9509205535219849,55583,240,1326,6154,nll_max
