model,threshold,f1,precision,recall,fpr,average_precision,tn,fp,fn,tp,strategy
lstm_many_to_many_topk_last,0.1034482758620689,0.5349567949725059,0.7075324675324676,0.4300599936848753,0.010085629321772777,0.44763515143990174,55259,563,1805,1362,topk_last
lstm_many_to_many_topk_all,0.0909090926024046,0.5176921736099007,0.5778210116731517,0.468898010735712,0.01943678119737738,0.5006404162105778,54737,1085,1682,1485,topk_all
lstm_many_to_many_topk_last3,0.0784313748864566,0.51517805020432,0.4789687924016282,0.5573097568676981,0.03439504138153416,0.4692944967461266,53902,1920,1402,1765,topk_last3
lstm_many_to_many_nll_mean,1.044343501329422,0.512409927942354,0.6998359759431383,0.4041679823176508,0.009834832145032425,0.5472309574164985,55273,549,1887,1280,nll_mean
lstm_many_to_many_nll_p95,5.518307733535764,0.5300579189135212,0.721195652173913,0.419008525418377,0.009189925119128658,0.5418591225790266,55309,513,1840,1327,nll_p95
lstm_many_to_many_nll_max,8.425661087036133,0.86973815048061,0.9152424136728288,0.8285443637511841,0.004353122424850417,0.9100602373842489,55579,243,543,2624,nll_max
