{
  "epoch": [
    1,
    2,
    3
  ],
  "train_loss": [
    0.4405003767524258,
    0.4229440156518266,
    0.4219502451220089
  ],
  "val_loss": [
    0.4946452951808344,
    0.49682837006829417,
    0.4997905564949195
  ],
  "is_best": [
    true,
    false,
    false
  ],
  "best_epoch": 1,
  "best_val_loss": 0.4946452951808344
}