model,threshold,f1,precision,recall,fpr,average_precision,tn,fp,fn,tp,strategy
lstm_many_to_many_nll_max,8.425661087036133,0.8871270001441545,0.9624648107600876,0.8227272727272728,0.00429930315461369,0.9509205535219849,55583,240,1326,6154,nll_max
