model,threshold,f1,precision,recall,fpr,average_precision,tn,fp,fn,tp,strategy
lstm_many_to_many_nll_max,8.425661087036133,0.86973815048061,0.9152424136728288,0.8285443637511841,0.004353122424850417,0.9100602373842489,55579,243,543,2624,nll_max
