model,threshold,f1,precision,recall,fpr,average_precision,tn,fp,fn,tp,strategy
lstm_many_to_many_nll_max,7.878315448760986,0.887374229146381,0.9128547579298831,0.8632775497316072,0.0046755759378023,0.9379760405401593,55561,261,433,2734,nll_max
