model,threshold,f1,precision,recall,fpr,average_precision,tn,fp,fn,tp,strategy
lstm_many_to_many_nll_max,7.878315448760986,0.9103912494741271,0.9572397522854615,0.8679144385026738,0.005194991311824875,0.967542505683815,55533,290,988,6492,nll_max
