{
  "epoch": [
    1,
    2,
    3
  ],
  "train_loss": [
    0.42796151893955037,
    0.42120347025694027,
    0.42072775435952486
  ],
  "val_loss": [
    0.494094198944241,
    0.5002454973240622,
    0.501637317347449
  ],
  "is_best": [
    true,
    false,
    false
  ],
  "best_epoch": 1,
  "best_val_loss": 0.494094198944241
}