model,threshold,f1,precision,recall,fpr,average_precision,tn,fp,fn,tp
lstm_one_step,0.09375,0.5935779816513761,0.5754521197746812,0.6128828544363751,0.025652968363727564,0.527462983374556,54390,1432,1226,1941
