{
  "epoch": [
    1,
    2
  ],
  "train_loss": [
    0.19710567084960928,
    0.18812625704179067
  ],
  "val_loss": [
    0.2790064014904252,
    0.2834338724716403
  ],
  "is_best": [
    true,
    false
  ],
  "best_epoch": 1,
  "best_val_loss": 0.2790064014904252
}