model,threshold,f1,precision,recall,fpr,average_precision,tn,fp,fn,tp
lstm_one_step,0.09375,0.6727560957197857,0.7726720998786197,0.5957219251336898,0.02348494348207728,0.6531195850750653,54512,1311,3024,4456
