model,threshold,f1,precision,recall,fpr,average_precision,tn,fp,fn,tp,strategy
lstm_many_to_many_nll_max,8.67854118347168,0.8909921671018277,0.9219858156028369,0.8620145247868646,0.004138153416215829,0.951437664401905,55591,231,437,2730,nll_max
