model,threshold,f1,precision,recall,fpr,average_precision,tn,fp,fn,tp,strategy
lstm_many_to_many_nll_max,8.67854118347168,0.9113244846088675,0.9655894673847996,0.8628342245989304,0.004120165523171453,0.9750855972364358,55593,230,1026,6454,nll_max
