{
  "epoch": [
    1,
    2,
    3
  ],
  "train_loss": [
    0.4310820471492138,
    0.421596982347831,
    0.4209484254187632
  ],
  "val_loss": [
    0.49676321572157844,
    0.4996248371532354,
    0.5028523077560649
  ],
  "is_best": [
    true,
    false,
    false
  ],
  "best_epoch": 1,
  "best_val_loss": 0.49676321572157844
}