model,threshold,f1,precision,recall,fpr,average_precision,tn,fp,fn,tp
lstm_one_step,0.0869565217391304,0.6069807037457434,0.5511466116980159,0.6754025892011367,0.0312063344201211,0.5331823972298964,54080,1742,1028,2139
