{
  "epoch": [
    1,
    2,
    3
  ],
  "train_loss": [
    0.20847754707998842,
    0.18949942796404248,
    0.1880817360074618
  ],
  "val_loss": [
    0.29258223227898406,
    0.2893014277498425,
    0.2952103138699791
  ],
  "is_best": [
    true,
    true,
    false
  ],
  "best_epoch": 2,
  "best_val_loss": 0.2893014277498425
}