model,threshold,f1,precision,recall,fpr,average_precision,tn,fp,fn,tp
lstm_one_step,0.0869565217391304,0.7061227365602761,0.746462088485029,0.6699197860962567,0.03048922487146875,0.6714111653763308,54121,1702,2469,5011
