model,threshold,f1,precision,recall,fpr,average_precision,tn,fp,fn,tp
lstm_one_step,0.09375,0.5471258415328846,0.46368224709238537,0.6671929270603094,0.043782021425244524,0.44830251470395943,53378,2444,1054,2113
