model,threshold,f1,precision,recall,fpr,average_precision,tn,fp,fn,tp
lstm_one_step,0.09375,0.6666211604095563,0.6810320781032078,0.6528074866310161,0.040968776310839616,0.6425929532177691,53536,2287,2597,4883
