{
  "epoch": [
    1,
    2,
    3
  ],
  "train_loss": [
    0.1999087474661401,
    0.18848972072963777,
    0.1874269222572349
  ],
  "val_loss": [
    0.2975211924071645,
    0.28695441207785405,
    0.28976792775496757
  ],
  "is_best": [
    true,
    true,
    false
  ],
  "best_epoch": 2,
  "best_val_loss": 0.28695441207785405
}