{
  "epoch": [
    1,
    2,
    3
  ],
  "train_loss": [
    0.4314510094013644,
    0.4211489129475597,
    0.4206383827290712
  ],
  "val_loss": [
    0.49527374938449276,
    0.5054198274225815,
    0.5086618518899474
  ],
  "is_best": [
    true,
    false,
    false
  ],
  "best_epoch": 1,
  "best_val_loss": 0.49527374938449276
}