model,threshold,f1,precision,recall,fpr,average_precision,tn,fp,fn,tp,strategy
lstm_many_to_many_nll_max,7.815811157226563,0.9015338941118258,0.9565021748912554,0.8525401069518717,0.005194991311824875,0.966262991226435,55533,290,1103,6377,nll_max
