model,threshold,f1,precision,recall,fpr,average_precision,tn,fp,fn,tp,strategy
lstm_many_to_many_nll_max,7.815811157226563,0.8743702259060621,0.9008707300736771,0.8493842753394379,0.005302568879653183,0.934455128947349,55526,296,477,2690,nll_max
