model,threshold,f1,precision,recall,fpr,average_precision,tn,fp,fn,tp,strategy
lstm_many_to_many_nll_max,7.792521476745605,0.8788265306122448,0.8876006441223833,0.8702241869276918,0.00625201533445595,0.9460371521282537,55473,349,411,2756,nll_max
