{
  "epoch": [
    1,
    2,
    3
  ],
  "train_loss": [
    0.4310470151450398,
    0.42141005981597995,
    0.4208583889314638
  ],
  "val_loss": [
    0.49419527605067104,
    0.5003042169625619,
    0.5011924251385361
  ],
  "is_best": [
    true,
    false,
    false
  ],
  "best_epoch": 1,
  "best_val_loss": 0.49419527605067104
}