model,threshold,f1,precision,recall,fpr,average_precision,tn,fp,fn,tp,strategy
lstm_many_to_many_nll_max,7.792521476745605,0.9107778165329612,0.9522975929978118,0.8727272727272727,0.005857800548161153,0.973915369000978,55496,327,952,6528,nll_max
