model,threshold,f1,precision,recall,fpr,average_precision,tn,fp,fn,tp
logistic_regression,0.9535349071083185,0.9911582670203359,0.983908718548859,0.9985154394299287,0.000492632898920686,0.9930128159075061,111590,55,5,3363
isolation_forest,0.5596039249089513,0.3278557114228457,0.24742891712038717,0.4857482185273159,0.04456984190962426,0.154728167266786,106669,4976,1732,1636
random_forest,0.3966666666666666,0.9988127040664885,0.9985163204747775,0.9991092636579573,4.4784808992789645e-05,0.9999749754046122,111640,5,3,3365
