model,threshold,f1,precision,recall,fpr,average_precision,tn,fp,fn,tp
logistic_regression,0.9535349071083185,0.9893264630106736,0.981021897810219,0.9977728285077951,0.0005822025169062654,0.9931846084912966,89264,52,6,2688
isolation_forest,0.5596039249089513,0.3306158284209206,0.24966849782155712,0.4892353377876763,0.04434815710510995,0.1543605579951161,85355,3961,1376,1318
random_forest,0.3966666666666666,0.9977769544275659,0.9959319526627219,0.9996288047512992,0.0001231582247301715,0.9998836439047998,89305,11,1,2693
